{
	"nms_scores_th": 0.5,
	"nms_iou_th": 0.5,
	"image_dims": [
		320,
		320
	],
	"max_proposals_per_class": 100,
	"centers_scale_factor": 1,
	"bbox_dimensions_scale_factor": 1,
	"classes": 90,
	"background_removal": true,
	"background_removal_index": 89,
	"bbox_decoders": [
		{
			"w": [
				0.075,
				0.10606602,
				0.05303301,
				0.09449408,
				0.13363481,
				0.06681741,
				0.11905508,
				0.1683693,
				0.08418465
			],
			"h": [
				0.075,
				0.05303301,
				0.10606602,
				0.09449408,
				0.06681741,
				0.13363481,
				0.11905508,
				0.08418465,
				0.1683693
			],
			"reg_layer": "efficientdet_lite0/conv65",
			"cls_layer": "efficientdet_lite0/conv66"
		},
		{
			"w": [
				0.15,
				0.21213203,
				0.10606602,
				0.18898816,
				0.26726963,
				0.13363481,
				0.23811015,
				0.3367386,
				0.1683693
			],
			"h": [
				0.15,
				0.10606602,
				0.21213203,
				0.18898816,
				0.13363481,
				0.26726963,
				0.23811015,
				0.1683693,
				0.3367386
			],
			"reg_layer": "efficientdet_lite0/conv74",
			"cls_layer": "efficientdet_lite0/conv75"
		},
		{
			"w": [
				0.3,
				0.42426407,
				0.21213203,
				0.37797633,
				0.53453925,
				0.26726963,
				0.4762203,
				0.67347721,
				0.3367386
			],
			"h": [
				0.3,
				0.21213203,
				0.42426407,
				0.37797633,
				0.26726963,
				0.53453925,
				0.4762203,
				0.3367386,
				0.67347721
			],
			"reg_layer": "efficientdet_lite0/conv83",
			"cls_layer": "efficientdet_lite0/conv84"
		},
		{
			"w": [
				0.6,
				0.84852814,
				0.42426407,
				0.75595266,
				1.0690785,
				0.53453925,
				0.9524406,
				1.34695441,
				0.67347721
			],
			"h": [
				0.6,
				0.42426407,
				0.84852814,
				0.75595266,
				0.53453925,
				1.0690785,
				0.9524406,
				0.67347721,
				1.34695441
			],
			"reg_layer": "efficientdet_lite0/conv92",
			"cls_layer": "efficientdet_lite0/conv93"
		},
		{
			"w": [
				1.0,
				1.41421356,
				0.70710678,
				1.2599211,
				1.78179751,
				0.89089875,
				1.587401,
				2.24492402,
				1.12246201
			],
			"h": [
				1.0,
				0.70710678,
				1.41421356,
				1.2599211,
				0.89089875,
				1.78179751,
				1.587401,
				1.12246201,
				2.24492402
			],
			"reg_layer": "efficientdet_lite0/conv101",
			"cls_layer": "efficientdet_lite0/conv102"
		}
	]
}