{
	"nms_scores_th": 0.3,
	"nms_iou_th": 0.5,
	"max_proposals_per_class": 20,
	"centers_scale_factor": 10,
	"bbox_dimensions_scale_factor": 5,
	"image_dims": [
		720,
		1280
	],
	"classes": 91,
	"background_removal": true,
	"background_removal_index": 0,
	"bbox_decoders": [
		{
			"name": "bbox_decoder13",
			"h": [
				0.1,
				0.1414213562373095,
				0.28284273
			],
			"w": [
				0.05625,
				0.15909903,
				0.07954951
			],
			"reg_layer": "conv13",
			"cls_layer": "conv14"
		},
		{
			"name": "bbox_decoder17",
			"h": [
				0.35,
				0.24748737,
				0.49497473,
				0.20207259,
				0.6062481,
				0.41833
			],
			"w": [
				0.19687499,
				0.27842328,
				0.13921164,
				0.3409975,
				0.11366015,
				0.23531063
			],
			"reg_layer": "conv17",
			"cls_layer": "conv18"
		},
		{
			"name": "bbox_decoder21",
			"h": [
				0.5,
				0.35355338,
				0.70710677,
				0.28867513,
				0.8660687,
				0.57008773
			],
			"w": [
				0.28125,
				0.39774755,
				0.19887377,
				0.48713928,
				0.16237165,
				0.32067436
			],
			"reg_layer": "conv21",
			"cls_layer": "conv22"
		},
		{
			"name": "bbox_decoder25",
			"h": [
				0.65,
				0.4596194,
				0.9192388,
				0.37527767,
				1.1258893,
				0.7211103
			],
			"w": [
				0.365625,
				0.5170718,
				0.2585359,
				0.633281,
				0.21108313,
				0.40562454
			],
			"reg_layer": "conv25",
			"cls_layer": "conv26"
		},
		{
			"name": "bbox_decoder29",
			"h": [
				0.8,
				0.56568545,
				1.1313709,
				0.46188024,
				1.3857099,
				0.8717798
			],
			"w": [
				0.45000002,
				0.6363961,
				0.31819806,
				0.7794229,
				0.25979465,
				0.49037614
			],
			"reg_layer": "conv29",
			"cls_layer": "conv30"
		},
		{
			"name": "bbox_decoder33",
			"h": [
				0.95,
				0.67175144,
				1.3435029,
				0.5484828,
				1.6455305,
				0.9746794
			],
			"w": [
				0.534375,
				0.7557204,
				0.3778602,
				0.92556465,
				0.30850613,
				0.5482572
			],
			"reg_layer": "conv33",
			"cls_layer": "conv34"
		}
	]
}