{
	"nms_scores_th": 0.2,
	"nms_iou_th": 0.7,
	"image_dims": [
		640,
		640
	],
	"max_proposals_per_class": 100,
	"classes": 80,
	"regression_length": 16,
	"background_removal": false,
	"background_removal_index": 0,
	"bbox_decoders": [
		{
			"name": "bbox_decoder98",
			"stride": 8,
			"reg_layer": "conv208",
			"cls_layer": "conv209"
		},
		{
			"name": "bbox_decoder121",
			"stride": 16,
			"reg_layer": "conv234",
			"cls_layer": "conv235"
		},
		{
			"name": "bbox_decoder143",
			"stride": 32,
			"reg_layer": "conv260",
			"cls_layer": "conv261"
		}
	]
}