{
    "nms_scores_th": 0.03,
    "nms_iou_th": 0.65,
    "image_dims": [
        736,
        960
    ],
    "max_proposals_per_class": 67,
    "classes": 6,
    "bbox_decoders": [
        {
            "name": "fused_bbox_decoder_8",
            "stride": 8,
            "reg_layer":"",
            "cls_layer":""
        },
        {
            "name": "fused_bbox_decoder_16",
            "stride": 16,
            "reg_layer":"",
            "cls_layer":""
        },
        {
            "name": "fused_bbox_decoder_32",
            "stride": 32,
            "reg_layer":"",
            "cls_layer":""
        }
    ]
}
