{
	"nms_scores_th": 0.2,
	"nms_iou_th": 0.7,
	"image_dims": [
		640,
		640
	],
	"max_proposals_per_class": 100,
	"classes": 80,
	"regression_length": 16,
	"background_removal": false,
	"background_removal_index": 0,
	"bbox_decoders": [
		{
			"name": "bbox_decoder51",
			"stride": 8,
			"reg_layer": "conv51",
			"cls_layer": "conv54"
		},
		{
			"name": "bbox_decoder62",
			"stride": 16,
			"reg_layer": "conv62",
			"cls_layer": "conv65"
		},
		{
			"name": "bbox_decoder77",
			"stride": 32,
			"reg_layer": "conv77",
			"cls_layer": "conv80"
		}
	]
}