{
	"nms_scores_th": 0.3,
	"nms_iou_th": 0.7,
	"image_dims": [
		640,
		640
	],
	"max_proposals_per_class": 100,
	"classes": 80,
	"regression_length": 16,
	"background_removal": false,
	"background_removal_index": 0,
	"bbox_decoders": [
		{
			"name": "bbox_decoder45",
			"stride": 8,
			"reg_layer": "conv61",
			"cls_layer": "conv64"
		},
		{
			"name": "bbox_decoder56",
			"stride": 16,
			"reg_layer": "conv74",
			"cls_layer": "conv77"
		},
		{
			"name": "bbox_decoder66",
			"stride": 32,
			"reg_layer": "conv86",
			"cls_layer": "conv89"
		}
	]
}
