{
	"nms_scores_th": 0.2,
	"nms_iou_th": 0.7,
	"image_dims": [
		640,
		640
	],
	"max_proposals_per_class": 100,
	"classes": 80,
	"regression_length": 16,
	"background_removal": false,
	"background_removal_index": 0,
	"bbox_decoders": [
		{
			"name": "yolov8x/bbox_decoder73",
			"stride": 8,
			"reg_layer": "yolov8x/conv73",
			"cls_layer": "yolov8x/conv74"
		},
		{
			"name": "yolov8x/bbox_decoder88",
			"stride": 16,
			"reg_layer": "yolov8x/conv88",
			"cls_layer": "yolov8x/conv89"
		},
		{
			"name": "yolov8x/bbox_decoder100",
			"stride": 32,
			"reg_layer": "yolov8x/conv100",
			"cls_layer": "yolov8x/conv103"
		}
	]
}