{
	"nms_scores_th": 0.2,
	"nms_iou_th": 0.7,
	"image_dims": [
		640,
		640
	],
	"max_proposals_per_class": 100,
	"classes": 80,
	"regression_length": 16,
	"background_removal": false,
	"background_removal_index": 0,
	"bbox_decoders": [
		{
			"name": "bbox_decoder71",
			"stride": 8,
			"reg_layer": "conv71",
			"cls_layer": "conv74"
		},
		{
			"name": "bbox_decoder87",
			"stride": 16,
			"reg_layer": "conv87",
			"cls_layer": "conv90"
		},
		{
			"name": "bbox_decoder102",
			"stride": 32,
			"reg_layer": "conv102",
			"cls_layer": "conv105"
		}
	]
}