{
    "nms_scores_th": 0.2,
    "nms_iou_th": 0.6,
    "image_dims": [
        640,
        640
    ],
    "max_proposals_per_class": 80,
    "background_removal": false,
    "classes": 2,
    "bbox_decoders": [
        {
            "name": "bbox_decoder55",
            "w": [
                10,
                16,
                33
            ],
            "h": [
                13,
                30,
                23
            ],
            "stride": 8,
            "encoded_layer": "conv55"
        },
        {
            "name": "bbox_decoder63",
            "w": [
                30,
                62,
                59
            ],
            "h": [
                61,
                45,
                119
            ],
            "stride": 16,
            "encoded_layer": "conv63"
        },
        {
            "name": "bbox_decoder70",
            "w": [
                116,
                156,
                373
            ],
            "h": [
                90,
                198,
                326
            ],
            "stride": 32,
            "encoded_layer": "conv70"
        }
    ]
}