{
	"nms_scores_th": 0.2,
	"nms_iou_th": 0.7,
	"image_dims": [
		640,
		640
	],
	"max_proposals_per_class": 100,
	"classes": 80,
	"regression_length": 16,
	"background_removal": false,
	"background_removal_index": 0,
	"bbox_decoders": [
		{
			"name": "bbox_decoder57",
			"stride": 8,
			"reg_layer": "conv57",
			"cls_layer": "conv58"
		},
		{
			"name": "bbox_decoder70",
			"stride": 16,
			"reg_layer": "conv70",
			"cls_layer": "conv71"
		},
		{
			"name": "bbox_decoder82",
			"stride": 32,
			"reg_layer": "conv82",
			"cls_layer": "conv83"
		}
	]
}
