{
	"nms_scores_th": 0.2,
	"nms_iou_th": 0.6,
	"image_dims": [
		1280,
		1280
	],
	"max_proposals_per_class": 80,
	"background_removal": false,
	"classes": 80,
	"bbox_decoders": [
		{
			"name": "bbox_decoder105",
			"w": [
				19,
				44,
				38
			],
			"h": [
				27,
				40,
				94
			],
			"stride": 8,
			"encoded_layer": "conv105"
		},
		{
			"name": "bbox_decoder119",
			"w": [
				96,
				86,
				180
			],
			"h": [
				68,
				152,
				137
			],
			"stride": 16,
			"encoded_layer": "conv119"
		},
		{
			"name": "bbox_decoder133",
			"w": [
				140,
				303,
				238
			],
			"h": [
				301,
				264,
				542
			],
			"stride": 32,
			"encoded_layer": "conv133"
		},
		{
			"name": "bbox_decoder145",
			"w": [
				436,
				739,
				925
			],
			"h": [
				615,
				380,
				792
			],
			"stride": 64,
			"encoded_layer": "conv145"
		}
	]
}